
United Bank DC
Report Map For Service 159 - Westerly Branch Armor IP Primary **Please ignore "Index" numbers**

======================================================================================
                                      Service Setup                                   
======================================================================================
Name:               ,159 - Westerly Branch Armor IP Primary
Record:             ,42
IP Address:         ,216.151.46.16
IP Port:            ,10000
Account Code:       ,0227
Report Map:         ,Standard
======================================================================================
                                   Area Configuration                                 
======================================================================================
Name:               ,159 - Westerly Branch Area
Reports:            ,ARM DIS 24H BYP 
Client Code:        ,00000227 (Using Service Account Code)
Group Code:        ,01
======================================================================================
                                       Zone Inputs                                    
======================================================================================
Index               ,Name                                  ,Zone ID   
1858,159 - Westerly Branch Training Rear Door,041+
1859,159 - Westerly Branch Roof Hatch,042+
1863,159 - Westerly Branch Front Rear Lobby Motion,046+
1872,159 - Westerly Branch Vault Lobby Motion,055+
1873,159 - Westerly Branch Left Entrance Door,056+
1880,159 - Westerly Branch Right Entrance Door,057+
1881,159 - Westerly Branch Left SIde Door,058+
1882,159 - Westerly Branch Right SIde Door,059+
1883,159 - Westerly Branch Conference Room Door,060+
1884,159 - Westerly Branch Front Teller Motion,061+
1885,159 - Westerly Branch Work Room Motion,062+
1890,159 - Westerly Branch Lounge Motion,067+
======================================================================================
                                   Area Configuration                                 
======================================================================================
Name:               ,159 - Westerly Branch ATM Area
Reports:            ,ARM DIS 24H BYP 
Client Code:        ,00000227 (Using Service Account Code)
Group Code:        ,02
======================================================================================
                                       Zone Inputs                                    
======================================================================================
Index               ,Name                                  ,Zone ID   
1860,159 - Westerly Branch Drive Up ATM Door,043+
1861,159 - Westerly Branch Drive Up ATM Heat,044+
1862,159 - Westerly Branch Drive Up ATM Seismic,045+
======================================================================================
                                   Area Configuration                                 
======================================================================================
Name:               ,159 - Westerly Branch Temperature Area
Reports:            ,ARM DIS 24H BYP 
Client Code:        ,00000227 (Using Service Account Code)
Group Code:        ,04
======================================================================================
                                       Zone Inputs                                    
======================================================================================
Index               ,Name                                  ,Zone ID   
1874,159 - Westerly Branch High Temp,999+
1875,159 - Westerly Branch Low Temp,999+
======================================================================================
                                   Area Configuration                                 
======================================================================================
Name:               ,159 - Westerly Branch Vault/Night Drop Area
Reports:            ,ARM DIS 24H BYP 
Client Code:        ,00000227 (Using Service Account Code)
Group Code:        ,03
======================================================================================
                                       Zone Inputs                                    
======================================================================================
Index               ,Name                                  ,Zone ID   
1864,159 - Westerly Branch Left Vault Door,047+
1865,159 - Westerly Branch Left Vault Heat,048+
1866,159 - Westerly Branch Left Vault Door Seismic,049+
1867,159 - Westerly Branch Left Vault Body Seismic,050+
1868,159 - Westerly Branch Right Vault Door,051+
1869,159 - Westerly Branch Right Vault Heat,052+
1870,159 - Westerly Branch Right Vault Seismic,053+
1871,159 - Westerly Branch Right Vault Body Seismic,054+
1886,159 - Westerly Branch Cash Vault Door,063+
1887,159 - Westerly Branch Cash Vault Heat,064+
1888,159 - Westerly Branch Cash Vault Seismic,065+
1889,159 - Westerly Branch Cash Vault Body Seismic,066+
1891,159 - Westerly Branch Night Drop Door,068+
1892,159 - Westerly Branch Night Drop Heat,069+
1893,159 - Westerly Branch Night Drop Seismic,070+
======================================================================================
                                         Users                                        
======================================================================================
Name,Reporting ID
Security ,1
Kenneth Briggs CSC,55
Tracy Calvert CSC,56
Nick Copela CSC,57
Steve Ledyard CSC,58
Brendon Lynch CSC,59
Chris McKulsky CSC,60
Leroy Randolph CSC,61
Kurt Robair CSC,62
Alton Warcholic CSC,63
David Chamberlain,0
Brittany Burnett,0
Robert Shemo,0
Benjamin Ogden,0
Brian Pattyson,0
David Kenning,0
Susan Isabelle,0
Jeffrey M. Siegel,0
Betsy Wynnick,0
Karen Osborne,0
Kathy Schiller,0
Rick Foster IES,9
Paul Desena RM Bradley,72
Goodwin Engineer RM Bradley,73
Neal Kerr  STI,102
Eric Meadow STI,21
Nga Nguyen,0
svcEasyLobby ,999
Nichole Souther Wolf,136
Kristine Comperchio Wolf,137
David Larocque Wolf,154
Heather Johnson Wolf,155
Rita Lucievero Wolf,156
Allyson Morrissey Wolf,157
Donna Hagh,0
Stephen Russell,0
Colleen Taylor,0
Patty Trombino,0
Melissa Sayler,0